{"cameraMode":{"drawMode":0,"name":"Shaded","section":"Shading Mode"},"sceneLighting":false,"audioPlay":false,"sceneViewState":{"showFog":true,"showMaterialUpdate":true,"showSkybox":false,"showFlares":true,"showImageEffects":true,"showParticleSystems":true},"in2DMode":false,"pivot":{"x":-0.6299991607666016,"y":2.5900001525878908,"z":-1.611328125},"rotation":{"x":0.004499858245253563,"y":-0.0074998545460402969,"z":0.000033749573049135506,"w":0.999961793422699},"size":25.796123504638673,"orthographic":true}