{"cameraMode":{"drawMode":0,"name":"Shaded","section":"Shading Mode"},"sceneLighting":false,"audioPlay":false,"sceneViewState":{"showFog":true,"showMaterialUpdate":true,"showSkybox":false,"showFlares":true,"showImageEffects":true,"showParticleSystems":true},"in2DMode":false,"pivot":{"x":6.4199981689453129,"y":3.049999237060547,"z":-1.611328125},"rotation":{"x":0.004499858245253563,"y":-0.0074998545460402969,"z":0.000033749573049135506,"w":0.999961793422699},"size":72.6465835571289,"orthographic":true}