{"cameraMode":{"drawMode":0,"name":"Shaded","section":"Shading Mode"},"sceneLighting":false,"audioPlay":false,"sceneViewState":{"showFog":true,"showMaterialUpdate":true,"showSkybox":false,"showFlares":true,"showImageEffects":true,"showParticleSystems":true},"in2DMode":false,"pivot":{"x":0.261199951171875,"y":0.588134765625,"z":0.0234375},"rotation":{"x":0.004499858245253563,"y":-0.0074998545460402969,"z":0.000033749573049135506,"w":0.999961793422699},"size":22.745283126831056,"orthographic":true}