{"cameraMode":{"drawMode":0,"name":"Shaded","section":"Shading Mode"},"sceneLighting":false,"audioPlay":false,"sceneViewState":{"showFog":true,"showMaterialUpdate":true,"showSkybox":false,"showFlares":true,"showImageEffects":true,"showParticleSystems":true},"in2DMode":false,"pivot":{"x":6.343564987182617,"y":1.4815130233764649,"z":-1.908935546875},"rotation":{"x":0.004499858245253563,"y":-0.0074998545460402969,"z":0.000033749573049135506,"w":0.999961793422699},"size":29.97530746459961,"orthographic":true}